Technical Support (SL3),Application Support Engineer,Remote India/ IN,
Other Consulting,Back Office Treasury Tester,Remote India/ IN,
BPM Appian,Appian Senior Developer,Bengaluru/ IN,
Murex Datamart,Murex Datamart Consultant,Mumbai/ IN,
Murex Datamart,Murex Datamart Consultant,Hyderabad/ IN/ IN,
Murex Datamart,Murex Datamart Developer,Bengaluru/ IN,
C#/VB.NET,Senior API .Net Software Developer,Sydney/ AU,
C#/VB.NET,Senior API .Net Software Developer,Melbourne/ AU,
Calypso,Senior Calypso Developer (with Java),Sydney/ AU,
Business Analysis,Technical BA with Python,Remote United States/ US,
Data Reporting & Analysis,MIS Data Analyst,Pune/ IN,
Data Reporting & Analysis,MIS Data Analyst,Chennai/ IN,
Data Reporting & Analysis,MIS Data Analyst,Bengaluru/ IN,
Murex Datamart,Murex BAU Support Analyst,Remote Mexico/ MX,
Murex Datamart,Murex BAU Support Analyst,Remote Brazil/ BR,
DevOps,Senior DevOps Engineer,Remote Ukraine/ UA,
SQL (MySQL/ T-SQL/ Teradata etc.),Senior PostgreSQL Developer,Gurgaon/ IN,
SQL (MySQL/ T-SQL/ Teradata etc.),Senior PostgreSQL Developer,Chennai/ IN,
SQL (MySQL/ T-SQL/ Teradata etc.),Senior PostgreSQL Developer,Bengaluru/ IN,
JavaScript,Development Engineer,Bucharest/ RO,
BI Engineering,Tableau Consultant,Remote Poland/ PL,
Business Analysis,Senior Business Analyst,Bucharest/ RO,
Front-end Angular,Front-End Developer,Bengaluru/ IN,
Automated Testing Python,Automation QA with java or python skill,Tianjin/ CN,
JavaScript,Technical Lead (TypeScript),Remote Ukraine/ UA,
C#/VB.NET,Senior Software Developer .NET/Azure,Remote Brazil/ BR,
Solution/Integration Architecture,Treasury Architect Treasury,Remote Bahrain/ BH,
Other Packaged Software,SAP Security Engineer,Remote Poland/ PL,
Other Packaged Software,SAP Security Engineer,Anywhere/ WW,
DevOps,Senior Full-stack Engineer,Remote Poland/ PL,
Software - Other,System Analyst for Project Onboarding,Nashville/ US,
Java,Senior Java developer,Remote Romania/ RO,
IT Infrastructure Engineering,Network Engineer,Singapore/ SG,
Java,Regular/Senior Java Developer,Remote Poland/ PL,
Technical Project Management,Technical Project Manager,London/ GB,
Technical Project Management,Technical Project Manager,Bucharest/ RO,
Database Administration,Lead/Senior DBA,Remote Poland/ PL,
Java,Senior Microservices Engineer,Remote India/ IN,
Murex MxML,Murex MxML Consultant,Mumbai/ IN,
Murex MxML,Murex MxML Consultant,Hyderabad/ IN/ IN,
Java,Senior Java Developer,Wroclaw/ PL,
Java,Senior Java Developer,Krakow/ PL,
JavaScript,Technical Lead (TypeScript),Remote Mexico/ MX,
JavaScript,Technical Lead (TypeScript),Remote Brazil/ BR,
Java Full Stack,Senior Fullstack (Node.JS and React),Remote Poland/ PL,
C/C++,Low Latency C++ Developer,Remote Poland/ PL,
Accounting,Chief Accountant,Sofia/ BG,
BigData Development,Solution Deployment Architect,Riyadh/ SA,
BigData Development,Senior Infrastructure Architect,Riyadh/ SA,
BigData Development,Senior Solution Architect,Riyadh/ SA,
Automated Testing Python,Test Automation Engineer,Sofia/ BG,
Java,Senior Java Developer (with Node.js exp.),Bucharest/ RO,
DevOps,Lead/Senior DevOps Engineer,Remote India/ IN,
BI Engineering,Tableau Consultant,Toronto/ CA,
Python,Senior Python Developer with Networking,Remote Poland/ PL,
Automated Testing Java,Senior QA Automation Engineer,Remote Mexico/ MX,
Software/System Architecture,Solution Architect,Washington/ D. C./ US,
C#/VB.NET,Senior .NET Developer with Angular UI,Gurgaon/ IN,
C#/VB.NET,Lead C/C# Developer,Warsaw/ PL,
Java,Senior Java Developer,Remote India/ IN,
Python,Senior Python Developer with Networking,Remote Poland/ PL,
Automated Testing Java,Senior QA Automation Engineer,Remote Mexico/ MX,
Software/System Architecture,Solution Architect,Washington/ D. C./ US,
C#/VB.NET,Senior .NET Developer with Angular UI,Gurgaon/ IN,
C#/VB.NET,Lead C/C# Developer,Warsaw/ PL,
Java,Senior Java Developer,Remote India/ IN,
System Administration,Senior IT Operations Specialist (onsite in Venlo/ Netherlands),Venlo/ NL,
C#/VB.NET,Senior .Net Developer,Remote India/ IN,
Delivery Project Management,Scrum Master/Engineering Project Manager,Remote Romania/ RO,
Automated Testing Java,Senior Java SDET,Remote Serbia/ RS,
Automated Testing Java,Senior Java SDET,Remote Poland/ PL,
Temenos,Temenos Transact L3 Developer,Pune/ IN,
Temenos,Temenos Transact L3 Developer,Chennai/ IN,
Temenos,Temenos Transact L3 Developer,Bengaluru/ IN,
Data Science,IT Database Analyst/Sr Data Engineering Analyst (MSSQL),Hyderabad/ IN/ IN,
Delivery Project Management,Delivery Manager,Schaumburg/ US,
Java Full Stack,Full Stack Engineer,Remote India/ IN,
Business Analysis,Technical Analyst with SAP,Remote Poland/ PL,
Java,Solution Architect (with Java & AWS),Gurgaon/ IN,
Java,Solution Architect (with Java & AWS),Chennai/ IN,
Java,Solution Architect (with Java & AWS),Bengaluru/ IN,
System Administration,Front Office System Administrator,George Town/ Penang/ MY,
Automated Testing Java,Senior QA Automation Engineer,Bucharest/ RO,
DevOps,Senior Full-stack Engineer,Wroclaw/ PL,
DevOps,Senior Full-stack Engineer,Krakow/ PL,
Functional Safety,Safety Engineer,Remote Spain/ ES,
Functional Safety,Safety Engineer,Remote Italy/ IT,
Functional Safety,Senior Safety Engineer,Remote Spain/ ES,
Functional Safety,Senior Safety Engineer,Remote Italy/ IT,
BigData Development,AWS Cloud Engineer,Bengaluru/ IN,
Manual Testing,Manual Test Engineer with Automation,Sofia/ BG,
BI Engineering,Tableau Consultant,Remote United States/ US,
UI/UX Design,Principal UX Designer,Remote United States/ US,
Java Full Stack,Senior Full-stack Developer,Wroclaw/ PL,
Java Full Stack,Senior Full-stack Developer,Krakow/ PL,
Automated Testing Java,Senior QA Automation Engineer,Krakow/ PL,
Scrum Master,Scrum Master - AI Projects,Remote Poland/ PL,
Delivery Project Management,Delivery Lead - Capital Markets,Bengaluru/ IN,
BPM Pega,Senior OutSystem Analyst,Singapore/ SG,
Software - Other,Lead ServiceNow Developer,Hyderabad/ IN/ IN,
C/C++,Senior Linux Kernel Device Driver Developer,Bengaluru/ IN,
Murex MxML,Murex MxML Consultant,Singapore/ SG,
Murex MxML,Senior Murex Developer,New York City/ US,
Murex FO,Senior Murex BA,New York City/ US,
Automated Testing C#,Senior QA Automation Engineer (C#),Bengaluru/ IN,
C/C++,Embedded Software Developer,Remote Romania/ RO,
Functional Safety,Safety Engineer,Remote India/ IN,
Functional/System Analysis,Safety Manager,Remote India/ IN,
Murex MxML,Murex MxML Developer,Kuala Lumpur/ MY,
BigData Development,Senior Data Engineer,Toronto/ CA,
C/C++,Senior C++ Developer,Remote India/ IN,
Automated Testing Others,Senior QA Automation Engineer (Python & C scripting),Remote India/ IN,
Other System Languages,Senior Unix Engineer,Wroclaw/ PL,
Other System Languages,Senior Unix Engineer,Krakow/ PL,
PMA,Project Coordinator,Singapore/ SG,
C/C++,Senior Linux / Device Drivers Developer,Bengaluru/ IN,
BPM Pega,Pega Senior System Architect,Remote India/ IN,
Application Security,Security Architect in Transaction Banking,Singapore/ SG,
Data Science,Senior Data Scientist,Bucharest/ RO,
C#/VB.NET,Senior C/C# Developer,Remote Poland/ PL,
DevOps,DevOps Cloud Architect,Bucharest/ RO,
Business Analysis,Business Analyst - Corporate Actions,Tokyo/ JP,
Java,Senior Java Developer,Remote Brazil/ BR,
Other System Languages,Senior PLC Developer,Remote Poland/ PL,
Technical Support (SL1),L1 IT Support Engineer,Singapore/ SG,
C Embedded,Software Engineer,Guadalajara/ MX/ MX,
FusionRisk,Senior Functional Consultant (Fusion Risk ARC),Remote India/ IN,
Software/System Architecture,IAM Solution Specialist,Bucharest/ RO,
C/C++,Linux/Device Drivers Developer,Bengaluru/ IN,
Android,Android BSP Senior Developer,Bengaluru/ IN,
Data Modeling,Data Analyst,Melbourne/ AU,
C#/VB.NET,Senior .NET Developer,Remote India/ IN,
Functional Safety,Safety Engineer,Remote Germany/ DE,
Functional Safety,Senior Safety Engineer,Remote Germany/ DE,
Functional Safety,Safety Manager,Remote Germany/ DE,
Functional Safety,Senior Safety Manager,Remote Germany/ DE,
Other Vendor specific (Quantum/ Coremont etc.),Neoxam Consultant,Singapore/ SG,
Functional/System Analysis,IT Risk and Control Specialist,Wroclaw/ PL,
Functional/System Analysis,IT Risk and Control Specialist,Krakow/ PL,
Functional/System Analysis,IT Risk and Control Specialist,Wroclaw/ PL,
Functional/System Analysis,IT Risk and Control Specialist,Krakow/ PL,
Java,Java Software Engineer,Wroclaw/ PL,
Java,Java Software Engineer,Krakow/ PL,
Java,Java Software Engineer,Wroclaw/ PL,
Java,Java Software Engineer,Krakow/ PL,
Java,Java Software Engineer,Wroclaw/ PL,
Java,Java Software Engineer,Krakow/ PL,
Java,Java Software Engineer,Wroclaw/ PL,
Java,Java Software Engineer,Krakow/ PL,
Functional/System Analysis,IT Risk and Control Specialist,Wroclaw/ PL,
Employer Branding,Communication Specialist (w/ UX Researcher background),Remote Romania/ RO,
Employer Branding,Communication Specialist (w/ UX Researcher background),Remote Poland/ PL,
Employer Branding,Communication Specialist (w/ UX Researcher background),Remote Mexico/ MX,
Employer Branding,Communication Specialist (w/ UX Researcher background),Remote Italy/ IT,
Front-end Angular,\\Angular UI Developer (Version 14),Gurgaon/ IN,
Front-end Angular,\\Angular UI Developer (Version 14),Chennai/ IN,
Front-end Angular,\\Angular UI Developer (Version 14),Bengaluru/ IN,
Technical Project Management,Sr Project Manager London,Remote United Kingdom/ GB,
C/C++,Senior C++ 3D Algorithm Developer,Remote Serbia/ RS,
DevOps,Senior Infra Tech Engineer,Kuala Lumpur/ MY,
Front-end Angular,Senior Angular Frontend Developer,Remote Romania/ RO,
Database Administration,Lead/Senior DBA,Remote Ukraine/ UA,
Database Administration,Lead/Senior DBA,Remote Romania/ RO,
Murex BO,Senior Murex Business Analyst,Bengaluru/ IN,
Murex MxML,MxML Developer,Pune/ IN,
Murex MxML,MxML Developer,Bengaluru/ IN,
Business Analysis,Business Analyst with Custody and Settlements,Pune/ IN,
Business Analysis,Business Analyst with Custody and Settlements,Bengaluru/ IN,
Java,Senior API Java Software Developer,Sydney/ AU,
Java,Senior API Java Software Developer,Melbourne/ AU,
C/C++,Low Latency C++ Developer,Remote Serbia/ RS,
AI/ML,Senior Machine Learning Engineer,Bucharest/ RO,
DevOps,Senior DevOps Engineer,Pune/ IN,
Calypso,Product Owner - Calypso,Sydney/ AU,
DevOps,Senior AWS/Cloud DevOps Engineer,Guadalajara/ MX/ MX,
Other Consulting,Audit and Compliance Specialist,Remote Mexico/ MX,
Other Consulting,Audit and Compliance Specialist,Remote India/ IN,
Automated Testing Others,Senior QA Automation/QA Manual with Trade lifecycle as a plus,Remote Mexico/ MX,
Automated Testing Others,Senior QA Automation/QA Manual with Trade lifecycle as a plus,Remote Brazil/ BR,
Murex ECM,BAU Support Murex Consultant,Remote India/ IN,
Technical Project Management,Technical Project Manager,London/ GB,
Front-end React,React Front-end Developer,Pune/ IN,
Other Scripting Languages,Senior Perl Developer,Remote Poland/ PL,
Other Scripting Languages,Senior Drupal developer,Chennai/ IN,
Murex ECM,Murex Production Support Consultant,Bengaluru/ IN,
Calypso,Senior Calypso Developer (with Java),Melbourne/ AU,
C#/VB.NET,Lead C/C# Developer,Krakow/ PL,
Solution/Integration Architecture,PLC Control System Architect,Remote Poland/ PL,
C/C++,GPU Kernel Library Software Developer,Remote Poland/ PL,
Scrum Master,Senior SAFe Scrum Master,Gurgaon/ IN,
Scrum Master,Senior SAFe Scrum Master,Chennai/ IN,
Scrum Master,Senior SAFe Scrum Master,Bengaluru/ IN,
Application Security,Senior Application Security Analyst,Remote Mexico/ MX,
Python,Python Developer with Networking,Remote Romania/ RO,
Murex ECM,Senior BAU Support Murex Consultant,Remote India/ IN,
Other System Languages,Senior Smalltalk Developer,Toronto/ CA,
Java,Software Developer - Java,Kuala Lumpur/ MY,
Front-end Angular,Senior Angular Developer,Remote Ukraine/ UA,
DWH Development,Senior Data Engineer with Capital markets experience,Remote India/ IN,
Fenergo,Business Analyst/ CLM/Configurator,Remote India/ IN,
Fenergo,Business Analyst/ CLM,Remote India/ IN,
Technical Project Management,Project Manager for Capital Markets projects,Remote Romania/ RO,
Technical Project Management,Project Manager for Capital Markets projects,Bucharest/ RO,
SQL (PL/SQL - Oracle),SQL Developer,Remote India/ IN,
Other Vendor specific (Quantum/ Coremont etc.),IntelliMatch Reconciliation Specialist - Senior BA,Bengaluru/ IN,
Automated Testing Python,End-to-End Python Test Engineer,Remote Romania/ RO,
Automated Testing Python,Template Test & Support Engineer (Python/ Robot framework),Remote Romania/ RO,
Python,Python Developer,Remote Romania/ RO,
Java,Oracle & Java Developer,Pune/ IN,
Murex MxML,Murex MxML Developer,Remote India/ IN,
Delivery Project Management,Presales Manager,Remote Ukraine/ UA,
Axiom,Regulatory Reporting Project Manager,Pune/ IN,
Business Analysis,Regular Business Analyst,Remote Mexico/ MX,
Functional/System Analysis,Regular Network Engineer,Remote United States/ US,
C/C++,GPU Kernel Library Software Developer,Gdansk/ PL,
Java,Java Team Lead,London/ GB,
Other Consulting,Business Analyst - Xceptor,Bengaluru/ IN,
Manual Testing,Senior QA Engineer (Manual + Automation),Wroclaw/ PL,
Manual Testing,Senior QA Engineer (Manual + Automation),Warsaw/ PL,
Manual Testing,Senior QA Engineer (Manual + Automation),Krakow/ PL,
Murex BO,Murex Back Office BA,Remote India/ IN,
Murex BO,Murex Back Office BA,Bengaluru/ IN,
Murex BO,Murex MxML Consultant,Remote India/ IN,
Murex BO,Murex MxML Consultant,Bengaluru/ IN,
Business Analysis,Senior Technical Business Analyst with PL/SQL & DWH,Bucharest/ RO,
Murex FO,Murex Front Office Consultant,Hyderabad/ IN/ IN,
DevOps,Azure DevOps Engineer,Remote Poland/ PL,
SQL (MySQL/ T-SQL/ Teradata etc.),TSQL and Batch Developer,Remote Poland/ PL,
SQL (MySQL/ T-SQL/ Teradata etc.),TSQL and Batch Developer,Remote Poland/ PL,
IT Infrastructure Engineering,Infrastructure Architect in Transaction Banking,Singapore/ SG,
Murex Datamart,Senior Murex Tech Lead,Remote India/ IN,
Murex FO,Senior Murex Front Office BA,Bengaluru/ IN,
PMA,Project Management Support Specialist,Kuala Lumpur/ MY,
Java,Software Developer - Java,Kuala Lumpur/ MY,
C#/VB.NET,Software Developer - C#/.NET,Kuala Lumpur/ MY,
C#/VB.NET,Software Developer - C#/.NET,Kuala Lumpur/ MY,
Murex FO,Senior Murex BA,Remote Romania/ RO,
Murex ERM,Murex Market Risk Support,Hyderabad/ IN/ IN,
C Embedded,System Firmware Engineer,Remote Poland/ PL,
Android,Senior Android Security Engineer,Remote India/ IN,
Python,Senior Python Developer,Eindhoven/ NL,
Technical Project Management,Senior Business Analyst (Agile),Remote India/ IN,
BPM Pega,Pega Senior System Architect,Remote India/ IN,
C/C++,Senior C++ Software Engineer,Remote Poland/ PL,
Automated Testing Java,QA Test Automation Lead,Bucharest/ RO,
DevOps,Azure DevOps Engineer,Wroclaw/ PL,
Murex MxML,Murex MxML Developer,Bengaluru/ IN,
SQL (MySQL/ T-SQL/ Teradata etc.),Lead TSQL and Batch Developer,Weehawken/ US,
SQL (MySQL/ T-SQL/ Teradata etc.),TSQL and Batch Developer,Wroclaw/ PL,
SQL (MySQL/ T-SQL/ Teradata etc.),TSQL and Batch Developer,Wroclaw/ PL,
Java,Strong Senior Java Developer,Remote Ukraine/ UA,
Business Analysis,Technical Business Analysis - Capital Markets,Sydney/ AU,
Python,Lead Python & C++ Engineer,Chennai/ IN,
Python,Lead Python & C++ Engineer,Bengaluru/ IN,
Murex Testing,Murex Functional Tester,Bengaluru/ IN,
Murex MxML,Murex MxML Developer,Bengaluru/ IN,
Murex Datamart,Murex Datamart Developer,Bengaluru/ IN,
Automated Testing Java,Regular QA automation,Bucharest/ RO,
Murex Datamart,Murex Datamart Developer,Pune/ IN,
Java,Senior Java Developer,Bucharest/ RO,
Murex ERM,Murex MLCDeveloper,Remote India/ IN,
Data Science,Data Scientist (Cloud),Bucharest/ RO,
UI/UX Design,UI Developer (Angular/Node),Bucharest/ RO,
DevOps,Senior DevOps Engineer,Belgrade/ RS,
Java,Senior Java developer,Remote Malaysia/ MY,
ETL (Informatica/ Ab Initio etc.),AbInitio Developer,Bengaluru/ IN,
Murex MxML,MxML Developer,Pune/ IN,
Murex MxML,MxML Developer,Bengaluru/ IN,
Murex Datamart,Murex Datamart Developer,Bengaluru/ IN,
Other Vendor specific (Quantum/ Coremont etc.),Enterprise Market Data Analyst,Singapore/ SG,
DevOps,Senior DevOps - Cloud services,Bucharest/ RO,
JavaScript,Senior JavaScript FullStack Developer,Remote India/ IN,
System Administration,Senior Network Engineer,Remote India/ IN,
Java,Senior Java Developer with Oracle SQL,Pune/ IN,
Murex Others,Java Developer with Murex experience (Any Module),Bengaluru/ IN,
BPM Pega,Pega Senior System Architect,Bengaluru/ IN,
Automated Testing Java,Senior Java Auto Test Engineer,Pune/ IN,
Java,Senior Java Developer,Bucharest/ RO,
Python,Senior Python Developer,Remote Romania/ RO,
Murex ERM,Murex Market Risk Consultant,Singapore/ SG,
BI Engineering,Senior Data Engineer,Remote India/ IN,
Automated Testing Java,Senior QA Automation Engineer,Bucharest/ RO,
Calypso,Calypso Developer,Mumbai/ IN,
Java,Java Developer,Bucharest/ RO,
DevOps,DevOps Engineer,Bucharest/ RO,
AI/ML,Deep Learning / Machine Learning Engineer,Remote Poland/ PL,
BPM Pega,Pega Senior System Architect,Hyderabad/ IN/ IN,
SQL (PL/SQL - Oracle),Oracle Developer,Bucharest/ RO,
Murex Datamart,Senior Murex Datamart Developer,Singapore/ SG,
Java,Senior Java & Python Developer,Remote Romania/ RO,
Murex MxML,Murex Integration SME,Toronto/ CA,
Murex MxML,Murex Integration SME,Anywhere/ WW,
Temenos,Multifonds Developer,Remote India/ IN,
C/C++,Senior C/C++ developer,Belgrade/ RS,
Calypso,Senior Calypso Collateral Business Analyst,Gurgaon/ IN,
BPM Appian,Senior Appian Developer,Bengaluru/ IN,
Murex MxML,Murex MxML Developer,Remote India/ IN,
Murex MxML,Murex MxML Developer,Bengaluru/ IN,
Financial Planning & Analysis,Senior Financial Partner,Kyiv/ UA,
Java Full Stack,Senior Java Fullstack Developer,Remote India/ IN,
Murex Others,Murex Accounting BA,Remote France/ FR,
Mechatronics Design,Mechanical Engineer,Singapore/ SG,
Temenos,Temenos GL Business Consultant,Remote India/ IN,
Temenos,Temenos Business Analyst,Remote India/ IN,
Temenos,Temenos Technical Consultant,Remote India/ IN,
Other Scripting Languages,Senior Perl Developer,Remote Ukraine/ UA,
Murex BO,Murex Accounting Consultant,Singapore/ SG,
BPM Pega,Pega Senior System Architect,Remote Sri Lanka/ LK,
Technical Support (SL1),L1 End User Support Analyst with French,Wroclaw/ PL,
Automated Testing Python,Python Automation Developer,Wroclaw/ PL,
Automated Testing Python,Python Automation Developer,Warsaw/ PL,
Automated Testing Python,Python Automation Developer,Krakow/ PL,
Java,Java Developer,Bengaluru/ IN,
Solution/Integration Architecture,PLC Control System Architect,Remote Romania/ RO,
Temenos,Java Developer with WealthSuite Front Office (Temenos TAP),Pune/ IN,
Java,Senior Java Developer,Cary/ North Carolina/ US,
DevOps,DevOps Engineer,Seoul/ KR,
Java,Java Developer,Bengaluru/ IN,
Python,Senior Full stack Python Engineer,Remote India/ IN,
Python,Senior Software Engineer (Raspberry Pi devices/ Python and Devops),Remote India/ IN,
Java,Senior Java Developer,Krakow/ PL,
C#/VB.NET,Full Stack .Net Engineer,Remote India/ IN,
Technical Support (SL1),Support Analyst,Zurich/ CH,
Java Full Stack,Senior Java Developer,Krakow/ PL,
Hogan,Hogan Mainframe Developer,Noida/ IN,
Technical Support (SL3),Senior PLC Commissioning Support Engineer (3rd level),Remote Poland/ PL,
Front-end React,React Front-end Developer,Krakow/ PL,
Java,Senior Java Developer,Krakow/ PL,
Functional/System Analysis,Senior System Analyst,Remote Serbia/ RS,
Functional/System Analysis,Senior System Analyst,Remote Poland/ PL,
Functional/System Analysis,Senior System Analyst,Remote Mexico/ MX,
Functional/System Analysis,Senior System Analyst,Remote Brazil/ BR,
Manual Testing,Senior Test Engineer,Sofia/ BG,
Functional/System Analysis,System Analyst (PL/SQL with data mapping experience),Kuala Lumpur/ MY,
Functional/System Analysis,Senior System Analyst (PL/SQL with data mapping experience),Kuala Lumpur/ MY,
Murex Testing,Murex Tester,Bengaluru/ IN,
Java,Senior/Lead Java API Developer,Remote Poland/ PL,
Incident Management,IT Systems Management Analyst /Major Incident Manager,Remote India/ IN,
Business Analysis,Technical BA,Remote Poland/ PL,
Business Analysis,Senior Business Analyst,Wroclaw/ PL,
Business Analysis,Senior Business Analyst,Krakow/ PL,
Murex ECM,Murex Environment Management Consultant,Singapore/ SG,
Java Full Stack,Senior Full Stack Engineer - Java,Remote India/ IN,
Other System Languages,Senior PLC Developer,Remote Romania/ RO,
Requirements Engineering,Lead ServiceNow Developer,Remote India/ IN,
Python,Full Stack Engineer - Python,Remote India/ IN,
Data Modeling,Principal Data Engineer,Wroclaw/ PL,
C Embedded,ASIC Design Verification Engineer,Dublin/ IE/ IE,
C Embedded,ASIC Design Verification Engineer,Belgrade/ RS,
Automated Testing Java,Automation QA (Java),Bengaluru/ IN,
Cobol (Mainframe),Full Stack Engineer - Mainframe Db2 SW Engineer,Remote India/ IN,
Java,Senior/Lead Java Developer,Remote Poland/ PL,
DevOps,DevOps & Automation Engineer,Gothenburg/ SE,
Java,Java Developer,Remote Romania/ RO,
Scrum Master,Scrum Master with Automotive Domain knowledge,Stuttgart/ DE,
Go,Senior Golang Developer,Remote Germany/ DE,
Android,Senior Software Developer - React Native,Remote Romania/ RO,
Android,Senior Software Developer - React Native,Remote Poland/ PL,
Android,Senior Software Developer - React Native,Remote Mexico/ MX,
Android,Senior Software Developer - React Native,Remote India/ IN,
Android,Senior Software Developer - React Native,Remote Bulgaria/ BG,
Java,Senior Software Developer - Java/Golang,Remote Romania/ RO,
Java,Senior Software Developer - Java/Golang,Remote Poland/ PL,
Java,Senior Software Developer - Java/Golang,Remote Mexico/ MX,
Java,Senior Software Developer - Java/Golang,Remote India/ IN,
Java,Senior Software Developer - Java/Golang,Remote Bulgaria/ BG,
C#/VB.NET,.NET full-stack developer,Irvine/ US/ US,
Functional/System Analysis,Business/Functional Analyst,Remote Ukraine/ UA,
Automated Testing Python,Senior QA Automation Python,Remote Romania/ RO,
BPM RPA,RPA Developer,Remote United Arab Emirates/ AE,
BPM RPA,RPA Developer,Remote Ukraine/ UA,
BPM RPA,RPA Developer,Remote Poland/ PL,
BPM RPA,RPA Developer,Remote Egypt/ EG,
Technical Project Management,IT Project Manager,Bucharest/ RO,
Engineering Program Management,Program Manager (Risk & Reporting),Bucharest/ RO,
SQL (PL/SQL - Oracle),Oracle Database Developer PL/SQL,Remote Romania/ RO,
Application Security,Senior Security Engineer,Remote India/ IN,
Application Security,Senior Security Engineer,Remote Turkey/ TR,
Application Security,Senior Security Engineer,Remote Egypt/ EG,
Java,Senior Java Developer,Wroclaw/ PL,
Java,Senior Java Developer,Krakow/ PL,
BPM Pega,Pega Senior System Architect,Remote Ukraine/ UA,
BPM Pega,Pega Senior System Architect,Remote Poland/ PL,
Other Scripting Languages,Senior Perl Developer,Remote Romania/ RO,
Other Scripting Languages,Senior Perl Developer,Remote India/ IN,
DWH Development,Senior KDB+ developer,Remote Malaysia/ MY,
Murex ECM,Murex Environment Production Support Consultant,Hyderabad/ IN/ IN,
System Administration,Server and Storage Infrastructure Engineer (Wintel),Remote Ukraine/ UA,
System Administration,Server and Storage Infrastructure Engineer (Wintel),Remote Romania/ RO,
System Administration,Server and Storage Infrastructure Engineer (Wintel),Remote Poland/ PL,
C#/VB.NET,Lead C/C# Developer,Wroclaw/ PL,
C Embedded,ABL Firmware Developer,Bengaluru/ IN,
C Embedded,Power Management Firmware Engineer,Bengaluru/ IN,
C Embedded,BIOS/UEFI Developer,Bengaluru/ IN,
Other System Languages,Senior Delphi Developer,Toronto/ CA,
Business Analysis,Business Analyst with SAP,Anywhere/ WW,
Business Analysis,Technical BA with Python,Toronto/ CA,
Business Analysis,Business Analyst with SAP,Remote Poland/ PL,
Java,Lead Java Back-end Developer,Remote Romania/ RO,
Business Analysis,Technical BA with Python,Remote Canada/ CA,
Murex Datamart,Murex Interface Reporting Developer,Remote India/ IN,
Delivery Project Management,Information Security Assurance Project Manager,Wroclaw/ PL,
Data Reporting & Analysis,Business Analyst,Shanghai/ CN,
Murex MxML,Murex MXML Consultant with Java,Singapore/ SG,
Python,Python Developer,Remote Ukraine/ UA,
Other Packaged Software,KDB Developer,Chennai/ IN,
Other Packaged Software,KDB Developer,Bengaluru/ IN,
Integrated Practice Sales,Sales and Account Manager/ EMEA/ Luxoft ALOB/ Global & Emerging Accounts,Remote Germany/ DE,
System Administration,NewIT Systems Management Analyst,Remote India/ IN,
Cobol (Mainframe),Mainframe Software Developer,Singapore/ SG,
DevOps,Senior DevOps Engineer - Poland,Remote Poland/ PL,
Manual Testing,Manual Testing of Mobile Applications,Guadalajara/ MX/ MX,
Manual Testing,Senior Manual Test Engineer,Guadalajara/ MX/ MX,
Python,Software Engineer,Farmington Hills/ US,
Automated Testing Others,Performance Test Engineer,Bengaluru/ IN,
Automated Testing Others,Performance Test Engineer,Chennai/ IN,
Application Security,Senior Application Security Engineer,Belgrade/ RS,
C#/VB.NET,Senior .Net Core Developer,Remote India/ IN,
Automated Testing Others,Senior Automation QA Engineer,Remote Romania/ RO,
Functional/System Analysis,IT Risk and Control Specialist,Krakow/ PL,
Murex Others,Data Operations Analyst,Remote Poland/ PL,
Murex Others,Data Operations Analyst,Anywhere/ WW,
Other Consulting,Senior SAP ABAP Developer,Remote Spain/ ES,
Other Consulting,Junior SAP ABAP Developer,Remote Spain/ ES,
Database Administration,Senior DBA Consultant - PostgreSQL,Remote Romania/ RO,
C#/VB.NET,C#/.Net/Java Developer,Remote Ukraine/ UA,
C#/VB.NET,C#/.Net/Java Developer,Remote Poland/ PL,
Business Analysis,Senior Business Analyst,Irvine/ US/ US,
Calypso,Calypso Front Office BA,Gurgaon/ IN,
System Administration,IT Security Analyst/Network Engineer,Hyderabad/ IN/ IN,
Other System Languages,Mendix Developer,Toronto/ CA,
Technical Support (SL1),Trade support analyst with capital markets exp,Remote Mexico/ MX,
Technical Support (SL1),Trade support analyst with capital markets exp,Remote Brazil/ BR,
Other Consulting,SAP Functional consultant handling SAP BS and SAP PE modules,Remote India/ IN,
DevOps,Senior DevOps Engineer,London/ GB,
Automated Testing Python,Automation Test Engineer with C#/ Python,Farmington Hills/ US,
DevOps,Lead DevOps Engineer,Cairo/ EG,
Android,Senior Software Developer - React Native,Remote Serbia/ RS,
Database Administration,Senior DBA Consultant - PostgreSQL,Remote Poland/ PL,
Database Administration,Senior DBA Consultant - PostgreSQL,Remote Mexico/ MX,
Java,senior software engineer,Krakow/ PL,
C#/VB.NET,Senior Full-stack Software Developer (C# with Web),Remote India/ IN,
Go,Senior Golang Developer,Remote Poland/ PL,
Technical Support (SL3),PLC Commissioning 3rd level Support Engineer with DE (C1-C2),Stuttgart/ DE,
Automated Testing Python,QA Automation Engineer with AWS,London/ GB,
Automated Testing Python,QA Automation Engineer with AWS,Cambridge/ GB/ GB,
Scrum Master,Scrum Master,Bucharest/ RO,
Manual Testing,Regular Software Tester,Ankara/ TR,
Functional/System Analysis,Senior System Analyst - Regulatory Reporting on CRS,Kuala Lumpur/ MY,
SQL (PL/SQL - Oracle),Developer (SQL Server/ IIS/ SSIS/SSRS),Kuala Lumpur/ MY,
Functional/System Analysis,System Analyst - Regulatory Reporting on CRS,Kuala Lumpur/ MY,
SQL (PL/SQL - Oracle),Developer (SQL Server/ IIS/ SSIS/SSRS),Kuala Lumpur/ MY,
Python,Middleware Python Developer,Wroclaw/ PL,
Python,Middleware Python Developer,Warsaw/ PL,
Python,Middleware Python Developer,Krakow/ PL,
UI/UX Design,UX Designer,Beijing/ CN,
Other System Languages,PHP Developer,Bengaluru/ IN,
Android,Senior Software Developer - React Native,Remote Brazil/ BR,
Java,Senior Software Developer - Java/Golang,Remote Serbia/ RS,
Java,Senior Software Developer - Java/Golang,Remote Brazil/ BR,
Business Analysis,Senior Business Analyst (Reference Data),Remote Serbia/ RS,
Business Analysis,Senior Business Analyst (Reference Data),Remote Poland/ PL,
Go,Senior Golang Developer,Remote Ukraine/ UA,
Cybersecurity,Senior Cybersecurity Analyst,Remote United States/ US,
DevOps,Senior DevOps Engineer/SRE,Remote Poland/ PL,
Business Analysis,Treasury Analytics Business Analyst,Remote India/ IN,
C#/VB.NET,BizTalk Developer,Pune/ IN,
C#/VB.NET,BizTalk Developer,Bengaluru/ IN,
Java,Senior Java Developer with DevOps,Remote Poland/ PL,
Java,Senior Java Developer (Kafka/ cloud experience),Remote Poland/ PL,
Murex Datamart,Datamart Reporting Consultant/Developer,Bengaluru/ IN,
Murex MxML,Senior Murex MxML Consultant,Remote India/ IN,
Murex MxML,Senior Murex MxML Consultant,Bengaluru/ IN,
DevOps,Test Environment Manager,Pune/ IN,
DevOps,Test Environment Manager,Chennai/ IN,
DevOps,Test Environment Manager,Bengaluru/ IN,
DevOps,DevOps Engineer,Toronto/ CA,
Manual Testing,QA Analyst,Belgrade/ RS,
Business Analysis,Senior Business Analyst/ Corporate function,Remote India/ IN,
Murex ECM,Murex Environment Management Consultant,Bengaluru/ IN,
C/C++,Tech Expert for Algorithm Optimization,Remote Serbia/ RS,
Data Modeling,Data Review / Annotation Specialist,Remote Mexico/ MX,
Murex ECM,Murex Production Application Support Consultant,Singapore/ SG,
SQL (PL/SQL - Oracle),Senior Oracle Developer,Bucharest/ RO,
Python,Senior Java/Python developer,Remote Ukraine/ UA,
C#/VB.NET,Senior .Net developer with Angular/ Python and AWS skills,Krakow/ PL,
BI Engineering,Data Engineer (HANA DB skills),Remote Canada/ CA,
Information Security,Technical BA with Market Risk / Capital Markets background,Warsaw/ PL,
Functional Safety,Safety Engineer,Remote Serbia/ RS,
Functional/System Analysis,Safety Manager,Remote Serbia/ RS,
IT Infrastructure Engineering,VDI Engineer,Bengaluru/ IN,
Front-end Angular,Regular Angular Front-End Software Engineer (with Spanish C2),Madrid/ ES,
Other Packaged Software,Junior Technical Analyst - Integration Developer,Remote Romania/ RO,
System Administration,Principal Network Engineer,Remote India/ IN,
Technical Support (SL2),Senior Database Administrator,Wroclaw/ PL,
Data Architecture,Enterprise/Data Architect in Transaction Banking,Singapore/ SG,
Other Scripting Languages,SAS Consultant with Credit Risk,Bengaluru/ IN,
Sales,HLS Sales Director,Remote United States/ US,
Automated Testing Others,QA Architect,Farmington Hills/ US,
Murex MxML,Murex Application Developer,Toronto/ CA,
Murex MxML,Murex Application Developer,New York City/ US,
Murex MxML,Murex Application Developer,London/ GB,
IT Infrastructure Engineering,Azure Cloud Engineer,Wroclaw/ PL,
IT Infrastructure Engineering,Azure Cloud Engineer,Krakow/ PL,
Solution/Integration Architecture,5G & Cloud Pre-Sales Solutions Architect (Solutions Team),Remote Poland/ PL,
Java,Java Software Developer,Cairo/ EG,
Murex Testing,Senior Murex Front office Testing Consultant,Bengaluru/ IN,
Axiom,Senior Axiom Developer,Pune/ IN,
Axiom,Senior Axiom Developer,New Delhi/ IN,
Axiom,Senior Axiom Developer,Bengaluru/ IN,
Other System Languages,MS Office 365 engineer (Microsoft Modern Desktop Engineer),Remote Poland/ PL,
Other System Languages,MS Office 365 engineer (Microsoft Modern Desktop Engineer),Anywhere/ WW,
Other Consulting,Regular Data Analyst,Remote United States/ US,
Other Consulting,Regular Data Analyst,Remote Canada/ CA,
Data Science,IT Database Analyst/Sr Data Engineering Analyst (MSSQL),Noida/ IN,
Technical Support (SL1),Desktop Engineering-India,Remote India/ IN,
Business Analysis,Technical Analyst with SAP,Anywhere/ WW,
DevOps,Senior DevOps Engineer,Remote Serbia/ RS,
DevOps,Cloud Engineer,Remote Romania/ RO,
C/C++,Regular/Senior C++ Developer,Belgrade/ RS,
Murex ECM,Murex Support Consultant,Remote India/ IN,
Murex ECM,Murex Support Consultant,Bengaluru/ IN,
Application Security,CyberArk Analyst,Remote Poland/ PL,
Java,Senior Java Developer (Java Swing knowledge),Remote Serbia/ RS,
DWH Development,Lead Data Engineer,Bucharest/ RO,
Other Scripting Languages,Developer - SAS Viya,Chennai/ IN,
Other Scripting Languages,Developer - SAS Viya,Bengaluru/ IN,
Murex FO,Murex Front Office Developer,Singapore/ SG,
Murex BO,Murex BO/Integration SME,Toronto/ CA,
Murex BO,Murex BO/Integration SME,Anywhere/ WW,
Manual Testing,Manual QA Engineer HMI,Guadalajara/ MX/ MX,
Information Security,Senior Network Engineer (Functional SME),Remote United States/ US,
Temenos,Temenos Environment Management Lead,Remote India/ IN,
Murex Datamart,Murex Datamart Developer,Remote India/ IN,
Murex Datamart,Murex Datamart Developer,Mumbai/ IN,
Other Vendor specific (Quantum/ Coremont etc.),Pre-trade System Engineer,London/ GB,
Murex Testing,Murex Functional Tester,Bengaluru/ IN,
Android,Senior Android Security Engineer,Remote Poland/ PL,
Automated Testing Others,Senior Automation QA Engineer,Remote Ukraine/ UA,
Java,Senior Java Developer,Toronto/ CA,
C#/VB.NET,Backend .Net Developer,Krakow/ PL,
System Administration,Senior Network Engineer,Noida/ IN,
Temenos,Temenos Environment Management Lead,Chennai/ IN,
Service Delivery Management,Senior Technical Project Manager (Network Engineer),Remote United States/ US,
Hogan,Business Analyst/ Hogan,Noida/ IN,
Mechatronics Design,Electro-Mechanical Technician,Singapore/ SG,
Manual Testing,Data Warehouse Senior Automation QA Engineer,Remote Mexico/ MX,
Business Analysis,Senior Business Analyst,Doha/ QA,
Technical Project Management,Senior Project Manager with legal background,Doha/ QA,
Technical Project Management,Senior Project Manager,Doha/ QA,
Business Analysis,Senior/Lead Business Analyst,Toronto/ CA,
DevOps,Technical Coordinator (Automated Warehouse Management Systems),Lelystad/ NL,
Murex MxML,Senior Murex MxML Consultant,Bengaluru/ IN,
Murex MxML,Senior Murex MxML Consultant,Remote India/ IN,
Java,Senior Java Developer,Dresden/ DE,
C#/VB.NET,Senior .NET Developer with Angular UI,Chennai/ IN,
C#/VB.NET,Senior .NET Developer with Angular UI,Bengaluru/ IN,
C#/VB.NET,.Net Full Stack developer with C#/ React JS and Microservices,Gurgaon/ IN,
C#/VB.NET,.Net Full Stack developer with C#/ React JS and Microservices,Chennai/ IN,
C#/VB.NET,.Net Full Stack developer with C#/ React JS and Microservices,Bengaluru/ IN,
Solution/Integration Architecture,PLC Control System Architect,Remote Italy/ IT,
Business Analysis,Senior Business Analyst/ Corporate function,Remote Ukraine/ UA,
Technical Support (SL3),Senior PLC Commissioning Support Engineer (3rd level),Remote Italy/ IT,
JavaScript,Senior UI developer,Irvine/ US/ US,
Murex Others,PMO - Capital Markets,Kuala Lumpur/ MY,
Python,Software Engineer,Deerfield Beach/ US,
Java,Junior Java Developer,Sofia/ BG,
Other Vendor specific (Quantum/ Coremont etc.),GoldenSource Techno-Functional Consultant,Mumbai/ IN,
Murex FO,Senior Murex BA,Remote Poland/ PL,
Other System Languages,Mendix Developer,Remote United States/ US,
Other System Languages,Mendix Developer,Remote Canada/ CA,
Domain Chapter Management,Regulatory Reporting / FundsApp Project Manager,Toronto/ CA,
Domain Chapter Management,Regulatory Reporting / FundsApp Project Manager,Remote United States/ US,
Domain Chapter Management,Regulatory Reporting / FundsApp Project Manager,Remote Canada/ CA,
Data Architecture,Data Architect,Toronto/ CA,
Data Architecture,Data Architect,Remote United States/ US,
Data Architecture,Data Architect,Remote Canada/ CA,
Moody’s,Senior Software Developer - Moody’s,Kuala Lumpur/ MY,
Business Analysis,Business Analyst -SWIFT Financial Messaging and Standards,Singapore/ SG,
Automated Testing Others,Test Automation Lead,Pune/ IN,
Automated Testing Others,Test Automation Lead,Chennai/ IN,
Automated Testing Others,Test Automation Lead,Bengaluru/ IN,
DevOps,Azure Cloud DevOps Architect,Remote India/ IN,
DevOps,Azure Cloud DevOps Architect,Pune/ IN,
DevOps,Azure Cloud DevOps Architect,Chennai/ IN,
DevOps,Azure Cloud DevOps Architect,Bengaluru/ IN,
Functional/System Analysis,Senior System Analyst - Data (Adobe Campaign),Kuala Lumpur/ MY,
DevOps,Site Reliability Engineer,Bucharest/ RO,
Business Analysis,Senior Business Analyst (Reference Data),Remote Ukraine/ UA,
Other Packaged Software,IoT Developer (ThingWorx),Remote United Kingdom/ GB,
Other Packaged Software,IoT Developer (ThingWorx),Remote Switzerland/ CH,
Other Packaged Software,IoT Developer (ThingWorx),Remote Romania/ RO,
Other Packaged Software,IoT Developer (ThingWorx),Remote Poland/ PL,
Other Packaged Software,IoT Developer (ThingWorx),Remote India/ IN,
Other Packaged Software,IoT Developer (ThingWorx),Remote Germany/ DE,
Automated Testing Others,QA Architect,Deerfield Beach/ US,
Business Analysis,WMA: Senior BA for Canada,Toronto/ CA,
Functional/System Analysis,Lead Documaker Developer,Remote India/ IN,
Automated Testing Java,Senior QA Automation Engineer,Bucharest/ RO,
Java,Senior Java Software Developer (Low Latency),Wroclaw/ PL,
Java,Senior Java Software Developer (Low Latency),Warsaw/ PL,
Java,Senior Java Software Developer (Low Latency),Krakow/ PL,
Functional/System Analysis,Senior System/Business analyst,Remote Ukraine/ UA,
Software - Other,Workflow Automation Engineer (Asana),Remote India/ IN,
Murex Testing,Murex Test Manager,Sydney/ AU,
Java,Senior Java Developer - Capital Markets,Sydney/ AU,
System Administration,Implementation Admin,Remote India/ IN,
Business Analysis,Senior Business Analyst (with Data experience),Bucharest/ RO,
ETL (Informatica/ Ab Initio etc.),Senior ETL Developer,Toronto/ CA,
Android,Senior Android Application Developer,Gothenburg/ SE,
BigData Development,OLAP Database (ClickHouse) Developer,Remote Poland/ PL,
Functional/System Analysis,WMA Programmer Analyst,Remote India/ IN,
Technical Support (SL1),Service Desk Engineer,Remote Mexico/ MX,
UI/UX Design,Principal UX Designer,Remote Mexico/ MX,
UI/UX Design,Principal UX Designer,Remote Canada/ CA,
DevOps,Senior DevOps Engineer,Anywhere/ WW,
Technical Support (SL3),Senior PLC Commissioning Support Engineer (3rd level),Remote Romania/ RO,
Other Packaged Software,Regular Software Engineer (Operational centric thinking/production support),Remote United States/ US,
C#/VB.NET,Senior C# Dev L3,Remote Mexico/ MX,
C#/VB.NET,Senior C# Dev L3,Remote Brazil/ BR,
Solution/Integration Architecture,IoT Solution Architect / Team Lead,Remote United Kingdom/ GB,
Solution/Integration Architecture,IoT Solution Architect / Team Lead,Remote Switzerland/ CH,
Solution/Integration Architecture,IoT Solution Architect / Team Lead,Remote Serbia/ RS,
Solution/Integration Architecture,IoT Solution Architect / Team Lead,Remote Romania/ RO,
Solution/Integration Architecture,IoT Solution Architect / Team Lead,Remote Poland/ PL,
Solution/Integration Architecture,IoT Solution Architect / Team Lead,Remote India/ IN,
Solution/Integration Architecture,IoT Solution Architect / Team Lead,Remote Germany/ DE,
Murex Datamart,Datamart specialist (XVA),Anywhere/ WW,
Scrum Master,IT Project Administrator/Coordinator,Noida/ IN,
Other Packaged Software,Developer (NetGuardians (IFM)),Kuala Lumpur/ MY,
Murex ERM,Murex MLC Developer,Singapore/ SG,
Murex ERM,Murex Credit Risk Business Analyst,Singapore/ SG,
Murex ECM,Murex Configuration & Environment Management Consultant,Beijing/ CN,
Manual Testing,Middle\\Senior Manual QA Engineer,Remote Ukraine/ UA,
Calypso,Senior Calypso QA - Collateral Management (with CATT),Bengaluru/ IN,
C#/VB.NET,Microsoft Azure Cloud Software Developer,Remote Poland/ PL,
C#/VB.NET,Microsoft Azure Cloud Software Developer,Remote Germany/ DE,
Automated Testing Python,Template Test & Support Engineer (Python/ Robot framework),Remote Serbia/ RS,
Automated Testing Python,Python Test Development & Automation Engineer,Remote Serbia/ RS,
Moody’s,Moody's Business Analyst,London/ GB,
C/C++,C++ Developer for Risk PnL Platform in Europe (with risk engine and fin services experience),Remote Ukraine/ UA,
C/C++,C++ Developer for Risk PnL Platform in Europe (with risk engine and fin services experience),Remote Spain/ ES,
C/C++,C++ Developer for Risk PnL Platform in Europe (with risk engine and fin services experience),Remote Serbia/ RS,
C/C++,C++ Developer for Risk PnL Platform in Europe (with risk engine and fin services experience),Remote Romania/ RO,
C/C++,C++ Developer for Risk PnL Platform in Europe (with risk engine and fin services experience),Remote Portugal/ PT,
C/C++,C++ Developer for Risk PnL Platform in Europe (with risk engine and fin services experience),Remote Poland/ PL,
C/C++,C++ Developer for Risk PnL Platform in Europe (with risk engine and fin services experience),Remote Italy/ IT,
C/C++,C++ Developer for Risk PnL Platform in Europe (with risk engine and fin services experience),Remote Germany/ DE,
C/C++,C++ Developer for Risk PnL Platform in Europe (with risk engine and fin services experience),Remote Bulgaria/ BG,
Scala,Scala Developer with risk engine and fin services experience,New York City/ US,
C/C++,C++ Developer with risk engine and fin services experience,New York City/ US,
Scala,Scala Developer for Risk PnL Platform in Europe (with risk engine and fin services experience),Remote Ukraine/ UA,
Scala,Scala Developer for Risk PnL Platform in Europe (with risk engine and fin services experience),Remote Spain/ ES,
Scala,Scala Developer for Risk PnL Platform in Europe (with risk engine and fin services experience),Remote Serbia/ RS,
Scala,Scala Developer for Risk PnL Platform in Europe (with risk engine and fin services experience),Remote Romania/ RO,
Scala,Scala Developer for Risk PnL Platform in Europe (with risk engine and fin services experience),Remote Portugal/ PT,
Scala,Scala Developer for Risk PnL Platform in Europe (with risk engine and fin services experience),Remote Poland/ PL,
Scala,Scala Developer for Risk PnL Platform in Europe (with risk engine and fin services experience),Remote Italy/ IT,
Scala,Scala Developer for Risk PnL Platform in Europe (with risk engine and fin services experience),Remote Germany/ DE,
Scala,Scala Developer for Risk PnL Platform in Europe (with risk engine and fin services experience),Remote Bulgaria/ BG,
Automated Testing Python,Senior Test Automation Engineer with Python,Remote Romania/ RO,
Software/System Architecture,Solution Architect,Remote Romania/ RO,
Functional Safety,Safety Engineer,Remote Romania/ RO,
Functional Safety,Safety Engineer,Remote Poland/ PL,
Scrum Master,Scrum Master - AI Projects,Remote Egypt/ EG,
Scrum Master,Scrum Master - AI Projects,Remote Czech Republic/ CZ,
Scrum Master,Scrum Master - AI Projects,Remote Bulgaria/ BG,
DevOps,System Support Engineer - DevOps,Singapore/ SG,
Functional Safety,Senior Safety Engineer,Remote Romania/ RO,
Functional Safety,Senior Safety Engineer,Remote Poland/ PL,
Front-end React,Senior Front-End Developer,Remote Mexico/ MX,
Automated Testing Java,Senior QA automation Engineer (Java),Belgrade/ RS,
Software - Other,Security Analyst (DLP),Remote United States/ US,
Engineering Program Management,Delivery Manager,Remote Romania/ RO,
Automated Testing Python,End-to-End Python Test Engineer,Remote Egypt/ EG,
Automated Testing Python,End-to-End Python Test Engineer,Remote Bulgaria/ BG,
Automated Testing Python,Template Test & Support Engineer (Python/ Robot framework),Remote Egypt/ EG,
Automated Testing Python,Template Test & Support Engineer (Python/ Robot framework),Remote Bulgaria/ BG,
Automated Testing Python,Python Test Development & Automation Engineer,Remote Egypt/ EG,
Automated Testing Python,Python Test Development & Automation Engineer,Remote Bulgaria/ BG,
Python,Senior Python Developer with Networking,Remote Romania/ RO,
Financial Planning & Analysis,Financial Partner,Remote Ukraine/ UA,
Financial Planning & Analysis,Financial Partner,Kyiv/ UA,
Automated Testing Others,Data Test Analyst,Sydney/ AU,
Automated Testing Others,Data Test Analyst,Melbourne/ AU,
Automated Testing Others,Data Test Analyst,Brisbane/ AU,
Calypso,Calypso Business Analyst,Singapore/ SG,
Other Consulting,Business Consultant (C1-C2 DE language skills),Dresden/ DE,
SQL (PL/SQL - Oracle),DB developer,Remote Serbia/ RS,
Murex FO,Murex Front Office Consultant,Bengaluru/ IN,
Murex Others,Murex Market Data Consultant,Bengaluru/ IN,
Murex Others,Murex Market Data Consultant,Remote India/ IN,
Manual Testing,Manual Tester,Cairo/ EG,
C/C++ AUTOSAR,Principle C++ Engineer with Adaptive Autosar,Cairo/ EG,
Front-end Angular,Senior Front-End Developer,Remote Poland/ PL,
Python,Senior Java/Python developer,Anywhere/ WW,
Scala,Scala Developer with risk engine and fin services experience,Anywhere/ WW,
C/C++,C++ Developer with risk engine and fin services experience,Anywhere/ WW,
Information Security,PIM Security Engineer,Remote Poland/ PL,
Hogan,Hogan Umbrella Technician,Remote United States/ US,
Mechatronics Design,Resident Engineer,Hanoi/ VN,
Information Governance (Application),Application Engineer,Hanoi/ VN,
Functional/System Analysis,ADAS System Engineer,Hanoi/ VN,
Python,Senior Python Developer,Remote Poland/ PL,
Product Owner,Product Owner,Eindhoven/ NL,
Product Owner,Business Analyst,Remote Poland/ PL,
Product Owner,Business Analyst,Remote Germany/ DE,
Python,Python Software Developer,Remote India/ IN,
Automated Testing Java,Senior QA Automation with Java,Remote Poland/ PL,
Automated Testing Java,Senior QA Automation,Remote Poland/ PL,
Automated Testing Python,Product Release Support Engineer (w/ Python),Remote Romania/ RO,
Java,Senior Java Microservices Developer,Singapore/ SG,
Java,Senior Java Microservices Developer,Singapore/ SG,
Automated Testing Java,Senior QA Automation with Java,Remote Romania/ RO,
SQL (PL/SQL - Oracle),Oracle Database Developer PL/SQL,Remote Mexico/ MX,
Business Analysis,Regulatory Business Analyst,Amsterdam/ NL/ NL,
Product Owner,Product Owner,Sofia/ BG,
Kondor,Summit developer,Remote Germany/ DE,
Requirements Engineering,Data Protection Specialist,Doha/ QA,
IT Infrastructure Engineering,VDI Engineer,Chennai/ IN,
DevOps,Senior DevOps Engineer,Remote Romania/ RO,
Murex ECM,T&R APAC Head Of Support,Singapore/ SG,
C#/VB.NET,.Net Developer,Remote Ukraine/ UA,
Scrum Master,Scrum Master with Mechatronics knowledge,Stuttgart/ DE,
Manual Testing,Data Warehouse Senior Automation QA Engineer,Remote Brazil/ BR,
Murex FO,Murex Front Office Consultant,Kuala Lumpur/ MY,
Automated Testing Python,Senior QA Automation (Python) with C coding skills,Remote Mexico/ MX,
Automated Testing Python,End-to-End Python Test Engineer,Remote Turkey/ TR,
Automated Testing Python,End-to-End Python Test Engineer,Remote Serbia/ RS,
Automated Testing Python,End-to-End Python Test Engineer,Remote India/ IN,
Automated Testing Python,Template Test & Support Engineer (Python/ Robot framework),Remote Turkey/ TR,
Automated Testing Python,Template Test & Support Engineer (Python/ Robot framework),Remote India/ IN,
Automated Testing Python,Python Test Development & Automation Engineer,Remote Turkey/ TR,
Automated Testing Python,Python Test Development & Automation Engineer,Remote Romania/ RO,
Automated Testing Python,Python Test Development & Automation Engineer,Remote India/ IN,
Requirements Engineering,Data Protection Specialist,Anywhere/ WW,
C#/VB.NET,Full-stack Developer (C#/JS),Remote Serbia/ RS,
Avaloq,Avaloq Developer,Remote India/ IN,
Python,Senior Python Developer,Remote Ukraine/ UA,
Automated Testing Python,Automation QA Engineer,Krakow/ PL,
System Administration,Senior Network Engineer,Remote Turkey/ TR,
System Administration,Senior Network Engineer,Remote Poland/ PL,
C#/VB.NET,Full-stack Developer (C#/JS),Remote Ukraine/ UA,
Python,Senior Python Developer,Toronto/ CA,
C#/VB.NET,ASP.Net Backend Developer,Remote India/ IN,
C/C++ AUTOSAR,Ethernet Bootloader Lead Engineer,Bengaluru/ IN,
C/C++ AUTOSAR,SOMEIP and Timesync Engineer,Bengaluru/ IN,
Business Analysis,Senior Business Analyst,Anywhere/ WW,
Software/System Architecture,BSW Senior SW Architect,Bengaluru/ IN,
C/C++ AUTOSAR,Classic AUTOSAR - DOIP Engineer,Bengaluru/ IN,
C/C++ AUTOSAR,BSW COM Lead Engineer,Bengaluru/ IN,
C/C++ AUTOSAR,AUTOSAR BSW Integration Lead Engineer,Bengaluru/ IN,
Technical Project Management,Product Owner&Scrum Master for Automotive,Bengaluru/ IN,
Release Management,Release Train Engineer,Bengaluru/ IN,
SQL (MySQL/ T-SQL/ Teradata etc.),Senior Microsoft SQL Developer,Sydney/ AU,
SQL (MySQL/ T-SQL/ Teradata etc.),Microsoft SQL Developer,Sydney/ AU,
Python,Python Fullstack Developer,Remote Romania/ RO,
Java,Senior Fullstack Developer,Remote Romania/ RO,
Java,Senior Fullstack Developer,Remote Poland/ PL,
Java,Senior Fullstack Developer,Remote Bulgaria/ BG,
Fenergo,Senior Fenergo Developer,Remote India/ IN,
Fenergo,Senior Fenergo Developer,Pune/ IN,
Murex ECM,Murex Environment Management Consultant,Bengaluru/ IN,
Murex BO,Murex Back Office Consultant,Bengaluru/ IN,
Murex FO,Senior Murex Front Office BA,Sydney/ AU,
System Administration,Senior Network Engineer,Remote India/ IN,
Murex BO,Murex Accounting Consultant,Bengaluru/ IN,
Delivery Project Management,Technical Delivery Manager / Project Management Associate,Kuala Lumpur/ MY,
Java,Software Developer in Test (Java),Remote Ukraine/ UA,
Java,Software Developer in Test (Java),Remote Poland/ PL,
Automated Testing Java,Automation QA with java skill,Tianjin/ CN,
Murex FO,Murex Business Analyst,Tianjin/ CN,
Murex MxML,Senior Murex Developer,Tianjin/ CN,
Python,Python Developer,Remote Romania/ RO,
Python,Python Developer,Remote Egypt/ EG,
Murex FO,Murex Front Office BA,London/ GB,
Murex FO,Murex Front Office BA,Anywhere/ WW,
Murex FO,Murex Front Office BA,Amsterdam/ NL/ NL,
Other Consulting,Senior Consultant (SAP Finance & Controlling in the area of banking),Remote Germany/ DE,
Murex ECM,Murex Support Consultant,Kuala Lumpur/ MY,
Temenos,Temenos Transact Consultant (Application Support),Remote India/ IN,
Temenos,Temenos Transact Consultant (Application Support),Chennai/ IN,
Temenos,Temenos Transact Consultant (Application Support),Bengaluru/ IN,
Murex Others,Murex PROD Support L1,Remote United States/ US,
Murex Others,Murex PROD Support L1,Anywhere/ WW,
Murex Testing,Murex Functional Tester,Bengaluru/ IN,
Calypso,Senior Calypso Developer,Gurgaon/ IN,
Murex FO,Murex FO Support Consultant,Remote India/ IN,
Calypso,Calypso Developer,Remote India/ IN,
Calypso,Calypso Developer,Pune/ IN,
Technical Support (SL2),Commodity Trading Application Support Engineer,Remote Malaysia/ MY,
Other Scripting Languages,Senior Oracle Developer,Remote Romania/ RO,
Other Scripting Languages,Senior Oracle Developer,Remote Poland/ PL,
DevOps,IT Architecture Engineer,Remote India/ IN,
Automated Testing Python,Senior QA Automation (Python) with C coding skills,Remote Italy/ IT,
Scala,Senior Scala Dev L4/ LATAM,Remote Mexico/ MX,
Scala,Senior Scala Dev L4/ LATAM,Remote Brazil/ BR,
Calypso,Senior Technical - Calypso,Remote United States/ US,
Calypso,Senior Functional - Calypso,Remote United States/ US,
Calypso,Senior Functional - Calypso,Remote Mexico/ MX,
Calypso,Senior Functional - Calypso,Remote Canada/ CA,
Calypso,Senior Functional - Calypso,Buffalo/ US/ New York/ US,
Technical Project Management,Project Manager,Hyderabad/ IN/ IN,
Calypso,Senior Technical - Calypso,Remote Mexico/ MX,
Calypso,Senior Technical - Calypso,Remote Canada/ CA,
Calypso,Senior Technical - Calypso,Buffalo/ US/ New York/ US,
Murex FO,Senior Murex FO,Toronto/ CA,
Java,Java Software Engineer,Wroclaw/ PL,
Java,Java Software Engineer,Krakow/ PL,
DevOps,Senior DevOps,Sofia/ BG,
Murex ECM,Senior Murex Environment Management Consultant,Bengaluru/ IN,
Murex Testing,Murex Automation Tester,Bengaluru/ IN,
Automated Testing Others,Test Automation QA (Selenium),Singapore/ SG,
BPM Appian,Senior Appian Developer,Bengaluru/ IN,
BPM Appian,Senior Appian Developer,Bengaluru/ IN,
PMA,Project Management Assistant,Milton Keynes/ GB,
Murex MxML,Murex MxML Migration Developer,Remote India/ IN,
Java Full Stack,Java/Python Developer with C++ skills,Toronto/ CA,
C#/VB.NET,Senior C#/.NET Developer,Wroclaw/ PL,
C#/VB.NET,Senior C#/.NET Developer,Krakow/ PL,
Python,Senior Cloud Developer,Remote Mexico/ MX,
Automated Testing C#,System Integration Test Engineer,Trenton/ US/ New Jersey/ US,
Other Consulting,Telecom Engineer,Remote India/ IN,
BPM Appian,Senior Appian Consultant,Warsaw/ PL,
Front-end Angular,Front-End Developer,Kuala Lumpur/ MY,
Murex MxML,Murex Back Office/MxML Consultant,Singapore/ SG,
C/C++,C++ and C# Application Developer,Remote Ukraine/ UA,
Integration Engineering,Azure Integration Developer,Bengaluru/ IN,
Data Science,Azure purview Consultant,Remote India/ IN,
Java Full Stack,Java Architect with Cloud Backend Microservices,Pune/ IN,
Java Full Stack,Java Architect with Cloud Backend Microservices,Bengaluru/ IN,
Technical Project Management,Infrastructure Project Manager,Singapore/ SG,
Murex MxML,Murex MxML Consultant,Bengaluru/ IN,
C Embedded,ASIC Design Verification Engineer,Cork/ IE,
Moody’s,Business Analyst - Moody's Credit Risk,Chennai/ IN,
Moody’s,Business Analyst - Moody's Credit Risk,Bengaluru/ IN,
Murex Testing,Senior Murex MxTest Consultant,Bengaluru/ IN,
Murex ERM,Senior Market Risk Consultant,Remote India/ IN,
System Administration,IT Architecture/Telemetry Senior System Management Consultant,Noida/ IN,
Murex MxML,Senior Murex Developer,Bengaluru/ IN,
Murex MxML,MxML Consultant,Bengaluru/ IN,
Murex ECM,Murex BAU Support,Bengaluru/ IN,
Software - Other,Artificial Lift Control Engineer,Tulsa/ US,
Murex ECM,Murex Environment Manager,Riyadh/ SA,
Java Full Stack,Java Full Stack developer,Dallas/ US,
Murex MxML,Murex Application Developer,Toronto/ CA,
Murex FO,Murex FO Developer/Support,Singapore/ SG,
Murex MxML,Murex Application Developer,New York City/ US,
Murex MxML,Murex Application Developer,London/ GB,
Calypso,Calypso Developer,Mumbai/ IN,
Murex Testing,Murex Test Manager,Remote India/ IN,
FusionRisk,Senior Functional Consultant (Risk Management),Remote Romania/ RO,
FusionRisk,Senior Functional Consultant (Risk Management),Remote Poland/ PL,
C#/VB.NET,Senior .NET Engineer,Gurgaon/ IN,
C#/VB.NET,Regular Full Stack Engineer (C#/ .NET),Eden Prairie/ US,
Java,Senior Java Developer (Java Swing knowledge),Remote Poland/ PL,
Automated Testing Java,Senior QA automation Engineer (Java),Remote Poland/ PL,
IT Infrastructure Engineering,VDI Engineer,Englewood/ US/ Colorado/ US,
C#/VB.NET,Senior Software Developer .NET,Remote Brazil/ BR,
Front-end Angular,Front-end Developer,Remote Poland/ PL,
Murex FO,Senior Murex FO,Remote Mexico/ MX,
Murex FO,Senior Murex FO,Remote Brazil/ BR,
DevOps,Web Developer with FNZ One platform,Remote United Kingdom/ GB,
DevOps,Web Developer with FNZ One platform,Remote Ukraine/ UA,
DevOps,Web Developer with FNZ One platform,Remote Spain/ ES,
DevOps,Web Developer with FNZ One platform,Remote Romania/ RO,
DevOps,Web Developer with FNZ One platform,Remote Poland/ PL,
DevOps,Web Developer with FNZ One platform,Remote India/ IN,
Python,Senior Python Developer,New York City/ US,
Manual Testing,Senior Software Test Engineer (Manual),Seattle/ US,
Technical Support (SL3),Senior Cisco ACI Network Specialist,Remote United States/ US,
Automated Testing Python,Software Testing Engineer,Hanoi/ VN,
C Embedded,Software Developer for Automotive Project,Hanoi/ VN,
Manual Testing,System Testing Engineer,Hanoi/ VN,
Software/System Architecture,Solution Architect,Remote Ukraine/ UA,
Software/System Architecture,Solution Architect,Remote Poland/ PL,
Python,Python Developer with AWS,Toronto/ CA,
Delivery Project Management,Senior Project Manager with UAT and capital markets experience,Washington/ D. C./ US,
Delivery Project Management,Senior Project Manager with UAT and capital markets experience,Remote India/ IN,
Python,Senior FullStack developer (Python/ Angular),Toronto/ CA,
IT Infrastructure Engineering,TWS Scheduling software developer,Hyderabad/ IN/ IN,
Functional/System Analysis,Системний\\Бізнес аналітик,Remote Ukraine/ UA,
Product Owner,SmartStream TLM Collateral Management Technical BA,Remote United Kingdom/ GB,
Product Owner,SmartStream TLM Collateral Management Technical BA,Toronto/ CA,
Product Owner,SmartStream TLM Collateral Management Technical BA,Remote United States/ US,
Product Owner,SmartStream TLM Collateral Management Technical BA,New York City/ US,
Automated Testing Python,Senior QA Automation (Python) with C coding skills,Remote Romania/ RO,
Automated Testing Python,Senior QA Automation (Python) with C coding skills,Remote Poland/ PL,
Information Security,Lead Security Analyst,Remote United States/ US,
Software - Other,Mechanical Engineering Technician,Munich/ DE,
System Administration,Senior Network Engineer,Noida/ IN,
System Administration,Senior Network Engineer,Hyderabad/ IN/ IN,
Technical Project Management,Project Manager for Automotive project,Hanoi/ VN,
Automated Testing C#,Senior Quality Analyst with UAT exp,Washington/ D. C./ US,
Murex BO,Senior Murex Finance Accounting Tech BA,Sydney/ AU,
Murex BO,Senior Murex Finance Accounting Tech BA,Bengaluru/ IN,
Product Owner,Senior Business Analyst (T24 French),Remote France/ FR,
Product Owner,Senior Business Analyst (T24 French),Anywhere/ WW,
Integration Engineering,Azure Integration Developer,Remote India/ IN,
Integration Engineering,Azure Integration Developer,Pune/ IN,
Integration Engineering,Azure Integration Developer,Chennai/ IN,
DevOps,Senior DevOps Engineer/SRE,Remote Ukraine/ UA,
Murex Datamart,Datamart specialist (XVA),Remote United States/ US,
Mechatronics Technician,Fleet Manager,Ingolstadt/ DE,
Other Consulting,ServiceNow Platform Engineer,Remote Switzerland/ CH,
Other Consulting,Senior ServiceNow Technical Consultant,Remote Switzerland/ CH,
Java Full Stack,Senior Java Developer,Remote Poland/ PL,
Java Full Stack,Senior Java Developer,Krakow/ PL,
Accounting,Finance Analyst,Bengaluru/ IN,
Other Consulting,Enterprise Architect,Remote United Kingdom/ GB,
Other Consulting,Technical Architect,Remote United Kingdom/ GB,
Software - Other,System Management Analyst (Linux system administration),Remote United States/ US,
Other Consulting,SAP Functional consultant handling SAP BS and SAP PE modules,Remote Philippines/ PH,
Murex Others,Murex Consultant,Kuala Lumpur/ MY,
Java,Senior Java Developer - Capital Markets,Pune/ IN,
Cobol (Mainframe),TWS Scheduling software developer,Hyderabad/ IN/ IN,
Murex Datamart,Murex Production Support Consultant/ Datamart,Hyderabad/ IN/ IN,
DevOps,Cloud Engineer,Bucharest/ RO,
Delivery Project Management,Project Manager with Structured Derivatives Knowledge,London/ GB,
Test Management,Test Manager,Dubai/ AE,
Calypso,Calypso Developer,Singapore/ SG,
Java,Java Software Developer,Tianjin/ CN,
Java,Senior Java Developer,Holmdel/ US,
Automated Testing Java,Senior QA Automation,Remote Ukraine/ UA,
C/C++,Senior C++ Developer (Capital Markets),Remote Poland/ PL,
BigData Development,Cloud Engineer with Python,Hyderabad/ IN/ IN,
C/C++,Senior C++ Developer (Capital Markets),Remote Paraguay/ PY,
C/C++,Senior C++ Developer (Capital Markets),Remote Mexico/ MX,
C/C++,Senior C++ Developer (Capital Markets),Remote Brazil/ BR,
Java,Senior Java Developer,Bethlehem/ US/ US,
Java,Senior Java Developer,New York City/ US,
Functional/System Analysis,Regular Network Engineer (VMware),Remote United States/ US,
Java,Lead Java Developer (Capital Markets / Investment Banking),Remote Brazil/ BR,
Technical Project Management,Technology Project Manager - Application Team Development Standards,London/ GB,
Calypso,Calypso Support Analyst,Riyadh/ SA,
C#/VB.NET,Senior Software Developer .NET/Azure,Remote Mexico/ MX,
Calypso,Senior Calypso Support Analyst,Gurgaon/ IN,
BigData Development,Business Data Architect,Abu Dhabi/ AE,
C Embedded,Embedded C/C++ Software Engineer,Ho Chi Minh City/ VN,
C/C++,Senior Embedded C/C++ Software Engineer,Ho Chi Minh City/ VN,
Automated Testing C#,System Integration Test Engineer,Deerfield Beach/ US,
Other Consulting,Well Intervention Engineer,Baku/ AZ,
Other Consulting,Reservoir Engineer,Baku/ AZ,
Other Consulting,Data Analyst/Interpreter,Baku/ AZ,
Other Consulting,Production Engineer,Baku/ AZ,
Java Full Stack,Senior Java Full Stack Developer,New Orleans/ US,
Accounting,Chief Accountant,Remote Germany/ DE,
Accounting,Chief Accountant,Leinfelden-Echterdingen/ DE,
Murex ERM,Murex Risk System Analyst,Singapore/ SG,
Functional/System Analysis,Functional Safety Engineer,Remote Italy/ IT,
Automated Testing Java,Senior QA Automation,Remote Romania/ RO,
Software/System Architecture,Senior Software Architect/ Mobile App - Automotive,Plano/ US,
C/C++,Senior C++ Developer (Capital Markets),Remote Ukraine/ UA,
C/C++,Senior C++ Developer (Capital Markets),Remote Serbia/ RS,
Python,Senior Python Developer,Remote India/ IN,
Java,Java Developer (Analytics),Sydney/ AU,
Temenos,Temenos Senior Technical Consultant,Remote India/ IN,
Temenos,Temenos Senior Business Analyst,Remote India/ IN,
Java,Senior/Lead Java Developer,Remote Ukraine/ UA,
Automated Testing C#,System Integration Test Engineer,Farmington Hills/ US,
Python,Senior Python and Pyspark Developer,Chennai/ IN,
Python,Senior Python and Pyspark Developer,Bengaluru/ IN,
Product Owner,Business Analyst,Tokyo/ JP,
Kondor,Finastra/Kondor Specialist,Remote Poland/ PL,
Software/System Architecture,Solution Architect,Plano/ US,
Other System Languages,Senior PLC Developer,Remote Italy/ IT,
Murex FO,Murex System Analyst- Front Office/ Product Control Group,Singapore/ SG,
Technical Support (SL1),L1/L2 Support Engineer,Beijing/ CN,
IT Infrastructure Engineering,Infrastructure Programme Manager - End of Life Data Centre Decommission,London/ GB,
IT Infrastructure Engineering,Infrastructure Programme Manager - Windows O/S Decommission,London/ GB,
DevOps,Senior DevOps Engineer,Gdansk/ PL,
Front-end Angular,Angular Developer,Bengaluru/ IN,
BI Engineering,Data Engineer,Remote Belgium/ BE,
Other Consulting,Data Analyst,Remote Belgium/ BE,
Data Architecture,Data Architect,Remote Belgium/ BE,
Other Consulting,Associate Partner SAP Finance & Controlling in the area of banking,Remote Germany/ DE,
Technical Support (SL3),Regular/Senior L3 Technical Support Engineer (TEC Ops),Remote Turkey/ TR,
Technical Support (SL3),Regular/Senior L3 Technical Support Engineer (TEC Ops),Remote Poland/ PL,
Kondor,Finastra/Kondor Specialist,Remote Italy/ IT,
Murex FO,Murex Front Office Developer,Singapore/ SG,
System Administration,IT Systems Management Analyst - NNMi System Engineer,Noida/ IN,
Database Administration,Senior DBA - Sybase,Remote India/ IN,
Other Consulting,Associate Partner (technical) SAP Migration & Transformation with a focus on banking,Remote Germany/ DE,
System Administration,IT Systems Management Analyst,Noida/ IN,
System Administration,IT Systems Management Analyst - UNiX/Linux,Remote India/ IN,
Java Full Stack,Senior Fullstack Developer (Java/React),Remote Ukraine/ UA,
Java Full Stack,Senior Fullstack Developer (Java/React),Remote Poland/ PL,
Java,Senior/Lead Java Developer,Remote Serbia/ RS,
Business Analysis,Capital Market Business Analyst/ (Risk & Financial product),Gurgaon/ IN,
Java Full Stack,Senior Fullstack Developer (Java/React),Remote Serbia/ RS,
Financial Planning & Analysis,Financial Partner,Kyiv/ UA,
C#/VB.NET,Senior Software Developer .NET,Remote Mexico/ MX,
Java Full Stack,Java Full Stack developer,Washington/ D. C./ US,
Java Full Stack,Java Full Stack developer,Remote United States/ US,
Java Full Stack,Java Full Stack developer,Maryland City/ US,
Solutions Management,Director- Low-Code and Intelligent Automation,Toronto/ CA,
Solutions Management,Director- Low-Code and Intelligent Automation,Philadelphia/ US,
Solutions Management,Director- Low-Code and Intelligent Automation,Boston/ US/ US,
Solution/Integration Architecture,5G & Cloud Pre-Sales Solutions Architect (Solutions Team),Remote Romania/ RO,
Solution/Integration Architecture,5G & Cloud Pre-Sales Solutions Architect (Solutions Team),Remote Mexico/ MX,
Kondor,Finastra/Kondor Specialist,Remote Turkey/ TR,
Kondor,Finastra/Kondor Specialist,Remote Romania/ RO,
Java,Senior Java Developer,New York City/ US,
Murex ERM,Lead Murex Risk System Analyst for FRTB SA/IMA Project,Sydney/ AU,
Murex ERM,Lead Murex Risk System Analyst for FRTB SA/IMA Project,Kuala Lumpur/ MY,
Business Analysis,Lead Risk System Analyst for FRTB SA/IMA Project,Sydney/ AU,
Business Analysis,Lead Risk System Analyst for FRTB SA/IMA Project,Kuala Lumpur/ MY,
Murex FO,Murex FO Developer/Support,Remote India/ IN,
Murex ERM,Lead Murex Risk System Analyst for FRTB SA/IMA Project,Singapore/ SG,
Business Analysis,Lead Risk System Analyst for FRTB SA/IMA Project,Singapore/ SG,
Java,Senior Java Developer with Capital Marketexperience,Remote Mexico/ MX,
Java,Senior Java Developer with Capital Marketexperience,Remote Brazil/ BR,
Temenos,Temenos Technical Consultant (FCM),Remote India/ IN,
Calypso,Calypso Developer,Bengaluru/ IN,
Calypso,Calypso Developer,Gurgaon/ IN,
Other Consulting,Regulatory SME,Remote India/ IN,
SQL (MySQL/ T-SQL/ Teradata etc.),Lead DB developer,Los Angeles/ US,
Murex ECM,Murex BAU Support,Bengaluru/ IN,
Java,Senior Java Developer,Stamford/ US,
Java,Senior Java Developer,Jersey City/ US,
Murex ERM,Murex Market Risk Consultant,Bengaluru/ IN,
Murex ERM,Murex Market Risk Consultant,Gurgaon/ IN,
Murex ERM,Murex Market Risk Consultant,Pune/ IN,
